Keyword,Currency,Avg. monthly searches,Cambio en los últimos tres meses,Cambio interanual,Competition,Competition (indexed value),Top of page bid (low range),Top of page bid (high range),Ad impression share,Organic impression share,Organic average position,In account?,In plan?,Searches: Sep 2022,Searches: Oct 2022,Searches: Nov 2022,Searches: Dec 2022,Searches: Jan 2023,Searches: Feb 2023,Searches: Mar 2023,Searches: Apr 2023,Searches: May 2023,Searches: Jun 2023,Searches: Jul 2023,Searches: Aug 2023
servicios financieros,USD,500,0%,0%,Bajo,12,0.28,0.94,,,,,,,,,,,,,,,,,
sector economico,USD,5000,0%,0%,Bajo,0,,,,,,,,,,,,,,,,,,,
sectores economicos,USD,5000,0%,0%,Bajo,0,,,,,,,,,,,,,,,,,,,
sector cuaternario,USD,500,-90%,0%,Bajo,0,,,,,,,,,,,,,,,,,,,
sector primario secundario y terciario,USD,500,-90%,0%,Bajo,0,,,,,,,,,,,,,,,,,,,
sectores de la economia,USD,500,0%,0%,Bajo,0,,,,,,,,,,,,,,,,,,,
sector terciario ejemplos,USD,500,0%,0%,Bajo,0,,,,,,,,,,,,,,,,,,,
auditoria financiera,USD,500,0%,0%,Bajo,5,,,,,,,,,,,,,,,,,,,
instituciones financieras,USD,500,0%,0%,Bajo,3,0.16,1.16,,,,,,,,,,,,,,,,,
entidades financieras,USD,500,0%,0%,Bajo,2,,,,,,,,,,,,,,,,,,,
economia informal,USD,500,0%,0%,Bajo,0,,,,,,,,,,,,,,,,,,,
intermediarios financieros,USD,500,0%,-90%,Bajo,0,,,,,,,,,,,,,,,,,,,
financieros,USD,500,0%,0%,Bajo,18,0.09,1.11,,,,,,,,,,,,,,,,,
banco financiero,USD,50,0%,0%,Bajo,4,,,,,,,,,,,,,,,,,,,
banco de servicios financieros,USD,50,0%,0%,Bajo,0,,,,,,,,,,,,,,,,,,,
control financiero,USD,50,0%,0%,Bajo,1,,,,,,,,,,,,,,,,,,,
asesoria financiera,USD,50,0%,0%,Medio,34,0.18,0.71,,,,,,,,,,,,,,,,,
sector economico de una empresa,USD,50,0%,0%,Bajo,0,,,,,,,,,,,,,,,,,,,
analisis e interpretacion de estados financieros,USD,50,900%,900%,Bajo,1,,,,,,,,,,,,,,,,,,,
grupo financiero,USD,50,0%,0%,Bajo,0,,,,,,,,,,,,,,,,,,,
sector primario de la economia,USD,50,0%,0%,Bajo,0,,,,,,,,,,,,,,,,,,,
los sectores economicos,USD,500,-90%,0%,Bajo,0,,,,,,,,,,,,,,,,,,,
superintendencia de bancos e instituciones financieras,USD,50,0%,0%,Bajo,0,,,,,,,,,,,,,,,,,,,
iudu compañia financiera,USD,0,0%,0%,Desconocido,,,,,,,,,,,,,,,,,,,,
grupo financiero multibanca,USD,50,0%,0%,Desconocido,,,,,,,,,,,,,,,,,,,,
sectores empresariales,USD,50,0%,0%,Bajo,0,,,,,,,,,,,,,,,,,,,
auditoria de estados financieros,USD,50,0%,0%,Bajo,1,,,,,,,,,,,,,,,,,,,
acceso financiero,USD,50,-100%,-100%,Desconocido,,,,,,,,,,,,,,,,,,,,
sectores económicos ejemplos,USD,50,0%,0%,Bajo,0,,,,,,,,,,,,,,,,,,,
asesor financiero que hace,USD,50,0%,0%,Bajo,0,,,,,,,,,,,,,,,,,,,
consultoria financiera,USD,50,0%,0%,Bajo,29,0.23,0.68,,,,,,,,,,,,,,,,,
sectores de producción,USD,50,0%,0%,Bajo,0,,,,,,,,,,,,,,,,,,,
intereses financieros,USD,50,0%,0%,Bajo,1,,,,,,,,,,,,,,,,,,,
administración bancaria y financiera,USD,50,∞,0%,Bajo,0,,,,,,,,,,,,,,,,,,,
buro de entidades financieras,USD,50,0%,0%,Desconocido,,,,,,,,,,,,,,,,,,,,
banco servicios financieros,USD,50,0%,0%,Bajo,0,,,,,,,,,,,,,,,,,,,
servicios financieros sa,USD,,--,--,Desconocido,,,,,,,,,,,,,,,,,,,,
reba compañia financiera,USD,50,0%,0%,Desconocido,,,,,,,,,,,,,,,,,,,,
came servicios financieros,USD,0,0%,0%,Desconocido,,,,,,,,,,,,,,,,,,,,
asesor financiero personal,USD,50,0%,0%,Medio,41,0.20,0.95,,,,,,,,,,,,,,,,,
instituciones financieras no bancarias,USD,50,0%,0%,Bajo,0,,,,,,,,,,,,,,,,,,,
creditos financieros,USD,50,0%,0%,Bajo,23,0.09,0.30,,,,,,,,,,,,,,,,,
sbs estados financieros,USD,0,0%,0%,Desconocido,,,,,,,,,,,,,,,,,,,,
asesor financiero independiente,USD,50,∞,0%,Medio,36,,,,,,,,,,,,,,,,,,,
tu financiera préstamos,USD,,--,--,Desconocido,,,,,,,,,,,,,,,,,,,,
liderbciserviciosfinancieros cl,USD,50,0%,0%,Desconocido,,,,,,,,,,,,,,,,,,,,
sipres buscar instituciones financieras,USD,0,0%,0%,Desconocido,,,,,,,,,,,,,,,,,,,,
economia formal e informal,USD,50,-100%,-100%,Desconocido,,,,,,,,,,,,,,,,,,,,
asesores financieros para particulares,USD,50,∞,∞,Medio,43,,,,,,,,,,,,,,,,,,,
bancos financieros,USD,50,0%,0%,Bajo,4,,,,,,,,,,,,,,,,,,,
5 instituciones financieras,USD,50,0%,0%,Bajo,0,,,,,,,,,,,,,,,,,,,
empresas de servicios financieros,USD,50,0%,0%,Bajo,5,,,,,,,,,,,,,,,,,,,
proyectos financieros,USD,50,0%,0%,Bajo,7,,,,,,,,,,,,,,,,,,,
economia terciaria,USD,50,0%,0%,Bajo,0,,,,,,,,,,,,,,,,,,,
cmf estados financieros,USD,50,0%,0%,Desconocido,,,,,,,,,,,,,,,,,,,,
fondos financieros,USD,50,0%,0%,Bajo,4,,,,,,,,,,,,,,,,,,,
sector socioeconómico,USD,50,-100%,-100%,Desconocido,,,,,,,,,,,,,,,,,,,,
auxiliar financiero,USD,50,0%,0%,Bajo,0,,,,,,,,,,,,,,,,,,,
tu apoyo financiero es confiable,USD,,--,--,Desconocido,,,,,,,,,,,,,,,,,,,,
liderserviciosfinancieros cl,USD,0,0%,0%,Desconocido,,,,,,,,,,,,,,,,,,,,
estados financieros cmf,USD,50,0%,0%,Desconocido,,,,,,,,,,,,,,,,,,,,
asesor financiero cerca de mi,USD,50,-100%,-100%,Desconocido,,,,,,,,,,,,,,,,,,,,
emprendedores financieros,USD,50,0%,0%,Desconocido,,,,,,,,,,,,,,,,,,,,
los intermediarios financieros,USD,50,0%,0%,Bajo,0,,,,,,,,,,,,,,,,,,,
campus financiero,USD,50,-100%,-100%,Desconocido,,,,,,,,,,,,,,,,,,,,
las instituciones financieras,USD,50,0%,0%,Bajo,0,,,,,,,,,,,,,,,,,,,
intermediarios financieros bancarios,USD,50,-100%,0%,Desconocido,,,,,,,,,,,,,,,,,,,,
entidades financieras no bancarias,USD,50,-100%,-100%,Desconocido,,,,,,,,,,,,,,,,,,,,
establecimientos financieros de crédito,USD,50,0%,0%,Desconocido,,,,,,,,,,,,,,,,,,,,
crédito financiero,USD,50,0%,0%,Bajo,23,0.09,0.30,,,,,,,,,,,,,,,,,
consorcio financiero,USD,50,0%,0%,Bajo,0,,,,,,,,,,,,,,,,,,,
economia primaria secundaria y terciaria,USD,50,-100%,0%,Desconocido,,,,,,,,,,,,,,,,,,,,
azierta servicios financieros,USD,50,0%,0%,Desconocido,,,,,,,,,,,,,,,,,,,,
sector público economía,USD,50,0%,0%,Bajo,0,,,,,,,,,,,,,,,,,,,
apoyo financiero cerca de mi,USD,50,-100%,0%,Desconocido,,,,,,,,,,,,,,,,,,,,
auditoria de los estados financieros,USD,50,0%,0%,Bajo,2,,,,,,,,,,,,,,,,,,,
compañia de servicios financieros,USD,50,0%,0%,Desconocido,,,,,,,,,,,,,,,,,,,,
superintendencia de servicios financieros,USD,50,0%,-100%,Desconocido,,,,,,,,,,,,,,,,,,,,
servicios no financieros,USD,50,0%,0%,Bajo,14,,,,,,,,,,,,,,,,,,,
presente financiero,USD,50,-100%,0%,Desconocido,,,,,,,,,,,,,,,,,,,,
coval servicios financieros,USD,50,0%,0%,Desconocido,,,,,,,,,,,,,,,,,,,,
entidades financieras bcra,USD,,--,--,Desconocido,,,,,,,,,,,,,,,,,,,,
id financiero,USD,50,0%,0%,Desconocido,,,,,,,,,,,,,,,,,,,,
administrativo financiero,USD,50,0%,0%,Bajo,0,,,,,,,,,,,,,,,,,,,
economia agricultura,USD,50,-100%,0%,Desconocido,,,,,,,,,,,,,,,,,,,,
auditoria financiera que es,USD,50,∞,0%,Bajo,0,,,,,,,,,,,,,,,,,,,
organización financiera,USD,50,0%,0%,Bajo,0,,,,,,,,,,,,,,,,,,,
coste financiero,USD,500,-90%,0%,Bajo,0,,,,,,,,,,,,,,,,,,,
estados financieros complementarios,USD,50,0%,0%,Bajo,0,,,,,,,,,,,,,,,,,,,
servicios financieros que es,USD,50,0%,0%,Bajo,0,,,,,,,,,,,,,,,,,,,
grupo financiero por ti,USD,,--,--,Desconocido,,,,,,,,,,,,,,,,,,,,
compañias financieras,USD,50,0%,0%,Bajo,0,,,,,,,,,,,,,,,,,,,
superintendencia de bancos e instituciones financieras sbif,USD,0,0%,0%,Desconocido,,,,,,,,,,,,,,,,,,,,
servicios de organización financiera,USD,50,0%,0%,Desconocido,,,,,,,,,,,,,,,,,,,,
empresa de sector terciario,USD,50,0%,0%,Bajo,0,,,,,,,,,,,,,,,,,,,
asesor financiero online,USD,50,0%,0%,Medio,48,,,,,,,,,,,,,,,,,,,
gestion financiera que es,USD,50,0%,0%,Bajo,0,,,,,,,,,,,,,,,,,,,
descuentos financieros,USD,50,0%,0%,Bajo,0,,,,,,,,,,,,,,,,,,,
reba compañia financiera sa,USD,,--,--,Desconocido,,,,,,,,,,,,,,,,,,,,
financiera popular es confiable,USD,,--,--,Desconocido,,,,,,,,,,,,,,,,,,,,
el pais financiero,USD,50,0%,-100%,Desconocido,,,,,,,,,,,,,,,,,,,,
financiera enlace,USD,0,0%,0%,Desconocido,,,,,,,,,,,,,,,,,,,,
grupo financiero bancomer,USD,,--,--,Desconocido,,,,,,,,,,,,,,,,,,,,
la auditoria financiera,USD,50,0%,0%,Bajo,4,,,,,,,,,,,,,,,,,,,
bcra entidades financieras,USD,0,0%,-100%,Desconocido,,,,,,,,,,,,,,,,,,,,
outsourcing financiero,USD,50,∞,∞,Bajo,0,,,,,,,,,,,,,,,,,,,
los servicios financieros,USD,50,0%,0%,Medio,43,,,,,,,,,,,,,,,,,,,
contabilidad de instituciones financieras,USD,50,0%,-100%,Desconocido,,,,,,,,,,,,,,,,,,,,
grupo financiero multibanca préstamos,USD,,--,--,Desconocido,,,,,,,,,,,,,,,,,,,,
auditoria estados financieros,USD,50,0%,0%,Bajo,0,,,,,,,,,,,,,,,,,,,
entidades financieras fovissste 2022,USD,,--,--,Desconocido,,,,,,,,,,,,,,,,,,,,
asesor de servicios financieros,USD,50,0%,0%,Desconocido,,,,,,,,,,,,,,,,,,,,
cip servicios financieros,USD,50,0%,0%,Desconocido,,,,,,,,,,,,,,,,,,,,
fortuna servicios financieros premium,USD,50,0%,0%,Desconocido,,,,,,,,,,,,,,,,,,,,
entidades no financieras,USD,50,0%,0%,Desconocido,,,,,,,,,,,,,,,,,,,,
adelante soluciones financieras que es,USD,,--,--,Desconocido,,,,,,,,,,,,,,,,,,,,
serfin financiera,USD,50,0%,0%,Desconocido,,,,,,,,,,,,,,,,,,,,
instituciones financieras bancarias,USD,50,0%,0%,Desconocido,,,,,,,,,,,,,,,,,,,,
estados financieros sunat,USD,0,0%,0%,Desconocido,,,,,,,,,,,,,,,,,,,,
economía agrícola pdf,USD,50,∞,0%,Bajo,0,,,,,,,,,,,,,,,,,,,
servicios bancarios y financieros,USD,50,-100%,-100%,Desconocido,,,,,,,,,,,,,,,,,,,,
asesor inversiones,USD,50,0%,0%,Desconocido,,,,,,,,,,,,,,,,,,,,
aliados financieros,USD,50,∞,0%,Bajo,0,,,,,,,,,,,,,,,,,,,
analisis e interpretacion de los estados financieros,USD,50,0%,0%,Bajo,0,,,,,,,,,,,,,,,,,,,
establecimientos de crédito,USD,50,0%,0%,Desconocido,,,,,,,,,,,,,,,,,,,,
estados financieros de apple,USD,50,0%,0%,Bajo,7,,,,,,,,,,,,,,,,,,,
auditoria a los estados financieros,USD,50,0%,0%,Bajo,6,,,,,,,,,,,,,,,,,,,
contable y financiero,USD,50,-100%,-100%,Desconocido,,,,,,,,,,,,,,,,,,,,
análisis financiero y de gestión,USD,50,0%,-100%,Desconocido,,,,,,,,,,,,,,,,,,,,
sectores productivos pdf,USD,50,0%,0%,Desconocido,,,,,,,,,,,,,,,,,,,,
estados financieros de una empresa de servicios,USD,50,0%,0%,Bajo,0,,,,,,,,,,,,,,,,,,,
financiera al fin,USD,0,0%,0%,Desconocido,,,,,,,,,,,,,,,,,,,,
servicios bancarios para pymes,USD,50,0%,0%,Bajo,12,,,,,,,,,,,,,,,,,,,
servicios financieros oportunidades,USD,,--,--,Desconocido,,,,,,,,,,,,,,,,,,,,
intermediarios financieros bancarios y no bancarios,USD,50,-100%,-100%,Desconocido,,,,,,,,,,,,,,,,,,,,
consorcio financiero sa,USD,0,0%,0%,Desconocido,,,,,,,,,,,,,,,,,,,,
asesores financieros cerca de mi,USD,0,0%,-100%,Desconocido,,,,,,,,,,,,,,,,,,,,
entidades financieras república dominicana,USD,50,0%,0%,Bajo,4,,,,,,,,,,,,,,,,,,,
financiera mi banco,USD,,--,--,Desconocido,,,,,,,,,,,,,,,,,,,,
financiera tu ayuda,USD,,--,--,Desconocido,,,,,,,,,,,,,,,,,,,,
grupo financiero multibanca es confiable,USD,,--,--,Desconocido,,,,,,,,,,,,,,,,,,,,
óptima servicios financieros,USD,50,-100%,-100%,Desconocido,,,,,,,,,,,,,,,,,,,,
iudu compañia financiera sa,USD,,--,--,Desconocido,,,,,,,,,,,,,,,,,,,,
la economia agroexportadora,USD,50,-100%,0%,Desconocido,,,,,,,,,,,,,,,,,,,,
servicios financieros empresas,USD,50,0%,∞,Bajo,0,,,,,,,,,,,,,,,,,,,
estados financieros comerciales,USD,50,-100%,0%,Desconocido,,,,,,,,,,,,,,,,,,,,
instituciones no financieras,USD,50,0%,0%,Bajo,0,,,,,,,,,,,,,,,,,,,
instituciones financieras de inversión y financiamiento,USD,0,0%,0%,Desconocido,,,,,,,,,,,,,,,,,,,,
servicios financieros soriana,USD,0,0%,0%,Desconocido,,,,,,,,,,,,,,,,,,,,
servicios financieros que son,USD,50,-100%,0%,Desconocido,,,,,,,,,,,,,,,,,,,,
estados financieros de un banco,USD,50,0%,0%,Bajo,0,,,,,,,,,,,,,,,,,,,
campo de tejada servicios financieros,USD,0,0%,0%,Desconocido,,,,,,,,,,,,,,,,,,,,
grupo financiero popular,USD,50,0%,0%,Bajo,0,,,,,,,,,,,,,,,,,,,
asesores juridicos y financieros,USD,50,-100%,0%,Desconocido,,,,,,,,,,,,,,,,,,,,
estados financieros apple,USD,50,∞,0%,Bajo,0,,,,,,,,,,,,,,,,,,,
asesor financiero precio,USD,50,0%,0%,Desconocido,,,,,,,,,,,,,,,,,,,,
organización financiera personal,USD,50,0%,0%,Bajo,20,0.11,0.81,,,,,,,,,,,,,,,,,
análisis financiero que es,USD,50,0%,-90%,Bajo,0,,,,,,,,,,,,,,,,,,,
comisión financiera,USD,50,0%,∞,Bajo,0,,,,,,,,,,,,,,,,,,,
financiera cerca de mi,USD,50,0%,0%,Bajo,6,,,,,,,,,,,,,,,,,,,
instituciones financieras bancarias y no bancarias,USD,50,-100%,-100%,Desconocido,,,,,,,,,,,,,,,,,,,,
sector economico agropecuario,USD,50,0%,0%,Desconocido,,,,,,,,,,,,,,,,,,,,
instituciones de servicios financieros,USD,50,0%,0%,Desconocido,,,,,,,,,,,,,,,,,,,,
estados financieros mensuales,USD,50,0%,∞,Bajo,0,,,,,,,,,,,,,,,,,,,
asesoria financiera que es,USD,50,0%,0%,Bajo,0,,,,,,,,,,,,,,,,,,,
servicios financieros bbva,USD,50,0%,0%,Desconocido,,,,,,,,,,,,,,,,,,,,
direccion financiera externa,USD,0,0%,0%,Desconocido,,,,,,,,,,,,,,,,,,,,
grupo financiero que es,USD,50,-100%,0%,Desconocido,,,,,,,,,,,,,,,,,,,,
auditoria contable y financiera,USD,50,0%,0%,Bajo,14,,,,,,,,,,,,,,,,,,,
el control financiero,USD,50,0%,0%,Bajo,0,,,,,,,,,,,,,,,,,,,
servicios financieros came,USD,,--,--,Desconocido,,,,,,,,,,,,,,,,,,,,
auditoria no financiera,USD,50,0%,0%,Desconocido,,,,,,,,,,,,,,,,,,,,
asesoria contable y financiera,USD,50,∞,0%,Bajo,0,,,,,,,,,,,,,,,,,,,
pastor servicios financieros,USD,0,0%,0%,Desconocido,,,,,,,,,,,,,,,,,,,,
soluciones financieras online,USD,50,-100%,0%,Desconocido,,,,,,,,,,,,,,,,,,,,
economía agropecuaria pdf,USD,50,0%,0%,Bajo,0,,,,,,,,,,,,,,,,,,,
enlace servicios financieros,USD,,--,--,Desconocido,,,,,,,,,,,,,,,,,,,,
fortuna servicios financieros,USD,,--,--,Desconocido,,,,,,,,,,,,,,,,,,,,
superintendencia de bancos y entidades financieras,USD,0,0%,0%,Desconocido,,,,,,,,,,,,,,,,,,,,
asesores de inversiones,USD,50,-100%,0%,Desconocido,,,,,,,,,,,,,,,,,,,,
presupuesto financieros,USD,500,0%,0%,Bajo,0,,,,,,,,,,,,,,,,,,,
economia sector terciario,USD,50,-100%,-100%,Desconocido,,,,,,,,,,,,,,,,,,,,
administracion financiera personal,USD,50,0%,0%,Bajo,0,,,,,,,,,,,,,,,,,,,
afi analistas financieros,USD,50,∞,∞,Bajo,0,,,,,,,,,,,,,,,,,,,
contabilidad tributaria y financiera,USD,50,0%,-100%,Desconocido,,,,,,,,,,,,,,,,,,,,
control de gestion financiera,USD,50,-100%,0%,Desconocido,,,,,,,,,,,,,,,,,,,,
los financieros,USD,50,-100%,0%,Desconocido,,,,,,,,,,,,,,,,,,,,
buro financiero,USD,50,-100%,-100%,Desconocido,,,,,,,,,,,,,,,,,,,,
intermediarios bancarios y no bancarios,USD,50,0%,∞,Bajo,0,,,,,,,,,,,,,,,,,,,
auxiliar bancario administrativo y financiero,USD,50,0%,0%,Desconocido,,,,,,,,,,,,,,,,,,,,
financiera gran ayuda,USD,,--,--,Desconocido,,,,,,,,,,,,,,,,,,,,
apoyos financieros especializados sa,USD,,--,--,Desconocido,,,,,,,,,,,,,,,,,,,,
apple estados financieros,USD,50,-100%,-100%,Desconocido,,,,,,,,,,,,,,,,,,,,
instituciones financieras que es,USD,50,-100%,0%,Desconocido,,,,,,,,,,,,,,,,,,,,
entidades de servicios financieros,USD,50,0%,0%,Desconocido,,,,,,,,,,,,,,,,,,,,
asesores bancarios,USD,50,∞,∞,Bajo,0,,,,,,,,,,,,,,,,,,,
tu asesor financiero,USD,50,0%,0%,Desconocido,,,,,,,,,,,,,,,,,,,,
tores económicos,USD,50,-100%,0%,Desconocido,,,,,,,,,,,,,,,,,,,,
apoyo financiero para emprendedores,USD,50,0%,0%,Desconocido,,,,,,,,,,,,,,,,,,,,
bancos e instituciones financieras,USD,50,-100%,-100%,Desconocido,,,,,,,,,,,,,,,,,,,,
economia de la agricultura,USD,50,0%,0%,Desconocido,,,,,,,,,,,,,,,,,,,,
servicios financieros banco de venezuela,USD,50,0%,0%,Desconocido,,,,,,,,,,,,,,,,,,,,
estados financieros rappi,USD,50,0%,0%,Desconocido,,,,,,,,,,,,,,,,,,,,
afix servicios financieros,USD,,--,--,Desconocido,,,,,,,,,,,,,,,,,,,,
estados financieros de chedraui,USD,,--,--,Desconocido,,,,,,,,,,,,,,,,,,,,
sr servicios financieros,USD,,--,--,Desconocido,,,,,,,,,,,,,,,,,,,,
economia en la agricultura,USD,50,0%,-100%,Desconocido,,,,,,,,,,,,,,,,,,,,
control financiero personal,USD,50,0%,0%,Bajo,11,,,,,,,,,,,,,,,,,,,
banco general estados financieros,USD,0,0%,0%,Desconocido,,,,,,,,,,,,,,,,,,,,
el fin de los abusos bancarios,USD,,--,--,Desconocido,,,,,,,,,,,,,,,,,,,,
rappi estados financieros,USD,50,-100%,0%,Desconocido,,,,,,,,,,,,,,,,,,,,
direccion financiera que es,USD,50,0%,0%,Bajo,0,,,,,,,,,,,,,,,,,,,
sector economico construccion,USD,50,-100%,0%,Desconocido,,,,,,,,,,,,,,,,,,,,
cm soluciones financieras,USD,50,0%,0%,Desconocido,,,,,,,,,,,,,,,,,,,,
consede servicios financieros,USD,,--,--,Desconocido,,,,,,,,,,,,,,,,,,,,
asesor financiero en estados unidos,USD,50,∞,∞,Bajo,0,,,,,,,,,,,,,,,,,,,
estados financieros integrales,USD,50,-100%,-100%,Desconocido,,,,,,,,,,,,,,,,,,,,
asesoramiento financiero que es,USD,50,0%,0%,Bajo,0,,,,,,,,,,,,,,,,,,,
deudas superintendencia de bancos,USD,50,0%,-100%,Desconocido,,,,,,,,,,,,,,,,,,,,
consultor financiero independiente,USD,50,0%,0%,Desconocido,,,,,,,,,,,,,,,,,,,,
gestion financiero,USD,50,0%,0%,Bajo,7,,,,,,,,,,,,,,,,,,,
en que consiste la auditoria financiera,USD,50,-100%,-100%,Desconocido,,,,,,,,,,,,,,,,,,,,
asesor finanzas personales,USD,50,-100%,0%,Desconocido,,,,,,,,,,,,,,,,,,,,
control financiero que es,USD,50,-100%,0%,Desconocido,,,,,,,,,,,,,,,,,,,,
elektra estados financieros,USD,0,0%,0%,Desconocido,,,,,,,,,,,,,,,,,,,,
establecimiento financiero,USD,0,0%,0%,Desconocido,,,,,,,,,,,,,,,,,,,,
estados financieros latam,USD,50,0%,0%,Desconocido,,,,,,,,,,,,,,,,,,,,
superintendencia de bancos estados financieros,USD,50,0%,0%,Bajo,0,,,,,,,,,,,,,,,,,,,
habitos financieros bbva,USD,,--,--,Desconocido,,,,,,,,,,,,,,,,,,,,
came financiera préstamos,USD,,--,--,Desconocido,,,,,,,,,,,,,,,,,,,,
presupuesto financiero personal,USD,50,∞,0%,Medio,43,,,,,,,,,,,,,,,,,,,
grupo financiero sofom,USD,,--,--,Desconocido,,,,,,,,,,,,,,,,,,,,
financiamiento financiero,USD,50,0%,0%,Medio,57,,,,,,,,,,,,,,,,,,,
entidades financieras en república dominicana,USD,50,0%,0%,Bajo,0,,,,,,,,,,,,,,,,,,,
asesor de inversiones independiente,USD,50,∞,∞,Bajo,10,,,,,,,,,,,,,,,,,,,
estados financieros para bancos,USD,50,0%,0%,Bajo,5,,,,,,,,,,,,,,,,,,,
administracion financiero,USD,50,0%,0%,Bajo,0,,,,,,,,,,,,,,,,,,,
mejores asesores financieros,USD,50,0%,0%,Desconocido,,,,,,,,,,,,,,,,,,,,
analisis financiero de un banco,USD,50,0%,-100%,Desconocido,,,,,,,,,,,,,,,,,,,,
administración bancaria y financiera que es,USD,50,0%,0%,Desconocido,,,,,,,,,,,,,,,,,,,,
consultoria financiera que es,USD,50,0%,0%,Bajo,0,,,,,,,,,,,,,,,,,,,
consultoria financiera empresarial,USD,50,0%,0%,Desconocido,,,,,,,,,,,,,,,,,,,,
invercapital servicios financieros,USD,50,0%,0%,Desconocido,,,,,,,,,,,,,,,,,,,,
servicios financieros globales,USD,50,0%,0%,Bajo,0,,,,,,,,,,,,,,,,,,,
financieras en republica dominicana,USD,50,0%,0%,Bajo,26,0.25,0.75,,,,,,,,,,,,,,,,,
gestion financiera de proyectos,USD,50,0%,∞,Bajo,0,,,,,,,,,,,,,,,,,,,
asesor bursatil,USD,0,0%,0%,Desconocido,,,,,,,,,,,,,,,,,,,,
contabilidad de bancos y entidades financieras,USD,50,0%,∞,Bajo,0,,,,,,,,,,,,,,,,,,,
asesores y gestores financieros sa,USD,,--,--,Desconocido,,,,,,,,,,,,,,,,,,,,
economia y agricultura,USD,50,-100%,0%,Desconocido,,,,,,,,,,,,,,,,,,,,
financieras no bancarias,USD,50,-100%,0%,Desconocido,,,,,,,,,,,,,,,,,,,,
inversiones financiera,USD,50,0%,0%,Bajo,27,,,,,,,,,,,,,,,,,,,
campo financiero,USD,50,0%,0%,Desconocido,,,,,,,,,,,,,,,,,,,,
banco de venezuela servicios financieros,USD,0,0%,0%,Desconocido,,,,,,,,,,,,,,,,,,,,
estados financieros de coppel,USD,,--,--,Desconocido,,,,,,,,,,,,,,,,,,,,
sector terciario servicios financieros,USD,50,0%,0%,Desconocido,,,,,,,,,,,,,,,,,,,,
latam estados financieros,USD,50,0%,0%,Desconocido,,,,,,,,,,,,,,,,,,,,
contabilidad financiera y fiscal,USD,50,-100%,-100%,Desconocido,,,,,,,,,,,,,,,,,,,,
financiero en contabilidad,USD,50,0%,0%,Bajo,0,,,,,,,,,,,,,,,,,,,
la economía agropecuaria,USD,50,0%,0%,Bajo,0,,,,,,,,,,,,,,,,,,,
servicios contables y financieros,USD,50,0%,-100%,Desconocido,,,,,,,,,,,,,,,,,,,,
leasing financiero bbva,USD,0,0%,0%,Desconocido,,,,,,,,,,,,,,,,,,,,
xfera consumer finance clientes,USD,,--,--,Desconocido,,,,,,,,,,,,,,,,,,,,
contabilidad financiero,USD,50,0%,0%,Bajo,0,,,,,,,,,,,,,,,,,,,
costos de financieros,USD,50,0%,0%,Bajo,0,,,,,,,,,,,,,,,,,,,
el financiero creditos,USD,,--,--,Desconocido,,,,,,,,,,,,,,,,,,,,
cyc consejería en servicios financieros,USD,0,0%,0%,Desconocido,,,,,,,,,,,,,,,,,,,,
mejores asesores financieros independientes,USD,,--,--,Desconocido,,,,,,,,,,,,,,,,,,,,
clientes financieros,USD,50,0%,∞,Bajo,0,,,,,,,,,,,,,,,,,,,
asesor financiero scotiabank,USD,50,-100%,0%,Desconocido,,,,,,,,,,,,,,,,,,,,
asesor financiero inversiones,USD,50,0%,0%,Desconocido,,,,,,,,,,,,,,,,,,,,
un banco es una entidad financiera,USD,50,-100%,0%,Desconocido,,,,,,,,,,,,,,,,,,,,
maximiliano leguizamo asesor financiero,USD,,--,--,Desconocido,,,,,,,,,,,,,,,,,,,,
liderbciserviciosfinancieros,USD,,--,--,Desconocido,,,,,,,,,,,,,,,,,,,,
auditoria financiera externa,USD,50,0%,0%,Bajo,0,,,,,,,,,,,,,,,,,,,
citibanamex estados financieros,USD,0,0%,0%,Desconocido,,,,,,,,,,,,,,,,,,,,
servicios financieros cuales son,USD,50,∞,0%,Bajo,0,,,,,,,,,,,,,,,,,,,
servicios financieros sector terciario,USD,50,∞,∞,Bajo,14,,,,,,,,,,,,,,,,,,,
estados financieros de elektra,USD,0,0%,0%,Desconocido,,,,,,,,,,,,,,,,,,,,
gestion de estados financieros,USD,50,0%,0%,Desconocido,,,,,,,,,,,,,,,,,,,,
grupo financiero gst,USD,50,0%,0%,Desconocido,,,,,,,,,,,,,,,,,,,,
estados financieros chedraui,USD,,--,--,Desconocido,,,,,,,,,,,,,,,,,,,,
instituciones financieras en república dominicana,USD,50,0%,0%,Bajo,0,,,,,,,,,,,,,,,,,,,
trainer financiero,USD,50,0%,0%,Desconocido,,,,,,,,,,,,,,,,,,,,
servicios financieros internacionales,USD,50,-100%,0%,Desconocido,,,,,,,,,,,,,,,,,,,,
servicios que brindan las instituciones financieras,USD,50,0%,0%,Desconocido,,,,,,,,,,,,,,,,,,,,
asesoramiento de inversiones,USD,0,0%,0%,Desconocido,,,,,,,,,,,,,,,,,,,,
banco entidad financiera,USD,50,0%,0%,Desconocido,,,,,,,,,,,,,,,,,,,,
planificadores financieros,USD,50,0%,0%,Medio,36,0.20,0.55,,,,,,,,,,,,,,,,,
banco financiero argentino,USD,0,0%,0%,Desconocido,,,,,,,,,,,,,,,,,,,,
buscar instituciones financieras,USD,,--,--,Desconocido,,,,,,,,,,,,,,,,,,,,
gestion financiera personal,USD,50,0%,∞,Bajo,0,,,,,,,,,,,,,,,,,,,
contadores tributarios y financieros,USD,0,0%,0%,Desconocido,,,,,,,,,,,,,,,,,,,,
los mejores asesores financieros,USD,50,0%,-100%,Desconocido,,,,,,,,,,,,,,,,,,,,
por ti creditos servicios financieros,USD,,--,--,Desconocido,,,,,,,,,,,,,,,,,,,,
contempora servicios financieros,USD,,--,--,Desconocido,,,,,,,,,,,,,,,,,,,,
sectores de la economía mundial,USD,50,-100%,0%,Desconocido,,,,,,,,,,,,,,,,,,,,
los servicios financieros son,USD,0,0%,0%,Desconocido,,,,,,,,,,,,,,,,,,,,
financieros que es,USD,50,0%,0%,Bajo,0,,,,,,,,,,,,,,,,,,,
grupo financiero sas,USD,,--,--,Desconocido,,,,,,,,,,,,,,,,,,,,
financiero que hace,USD,50,0%,0%,Desconocido,,,,,,,,,,,,,,,,,,,,
sector primario secundario y terciario pdf,USD,50,0%,0%,Desconocido,,,,,,,,,,,,,,,,,,,,
servicios de asesoría financiera,USD,50,0%,-100%,Desconocido,,,,,,,,,,,,,,,,,,,,
cuenta inversiones financieras,USD,50,0%,0%,Desconocido,,,,,,,,,,,,,,,,,,,,
multibanca grupo financiero,USD,,--,--,Desconocido,,,,,,,,,,,,,,,,,,,,
sector terciario de la ganadería,USD,50,0%,0%,Desconocido,,,,,,,,,,,,,,,,,,,,
fin brock servicios financieros,USD,,--,--,Desconocido,,,,,,,,,,,,,,,,,,,,
instituciones de apoyo financiero,USD,0,0%,0%,Desconocido,,,,,,,,,,,,,,,,,,,,
soluciones financieras es confiable,USD,,--,--,Desconocido,,,,,,,,,,,,,,,,,,,,
eficiente sas compañia financiera,USD,,--,--,Desconocido,,,,,,,,,,,,,,,,,,,,
iudu compañía financiera,USD,,--,--,Desconocido,,,,,,,,,,,,,,,,,,,,
10 instituciones financieras,USD,50,0%,0%,Desconocido,,,,,,,,,,,,,,,,,,,,
agricultura sector secundario,USD,50,0%,0%,Desconocido,,,,,,,,,,,,,,,,,,,,
asesoria financiera para pymes,USD,50,0%,0%,Desconocido,,,,,,,,,,,,,,,,,,,,
asesor financiero particulares,USD,,--,--,Desconocido,,,,,,,,,,,,,,,,,,,,
emisores financieros,USD,50,0%,0%,Desconocido,,,,,,,,,,,,,,,,,,,,
financiera grupo monge,USD,,--,--,Desconocido,,,,,,,,,,,,,,,,,,,,
gestión de activos financieros,USD,50,0%,0%,Desconocido,,,,,,,,,,,,,,,,,,,,
la auditoria financiera es,USD,50,-100%,0%,Desconocido,,,,,,,,,,,,,,,,,,,,
estados financieros claro,USD,50,0%,∞,Bajo,0,,,,,,,,,,,,,,,,,,,
grupo financiero principal,USD,0,0%,0%,Desconocido,,,,,,,,,,,,,,,,,,,,
bancaria y financiera,USD,50,∞,∞,Bajo,0,,,,,,,,,,,,,,,,,,,
claro estados financieros,USD,50,0%,0%,Desconocido,,,,,,,,,,,,,,,,,,,,
consultoria administrativa y estrategia financiera,USD,,--,--,Desconocido,,,,,,,,,,,,,,,,,,,,
asesor fiscal y financiero,USD,50,0%,∞,Bajo,29,,,,,,,,,,,,,,,,,,,
deudas en la superintendencia de bancos,USD,50,-100%,0%,Desconocido,,,,,,,,,,,,,,,,,,,,
consultoria administrativa y financiera,USD,50,-100%,0%,Desconocido,,,,,,,,,,,,,,,,,,,,
aspiria financiera,USD,0,0%,0%,Desconocido,,,,,,,,,,,,,,,,,,,,
economia de agricultura,USD,50,∞,∞,Bajo,0,,,,,,,,,,,,,,,,,,,
administracion bancaria y financiera en que consiste,USD,50,-100%,0%,Desconocido,,,,,,,,,,,,,,,,,,,,
crédito con instituciones financieras,USD,,--,--,Desconocido,,,,,,,,,,,,,,,,,,,,
asesores financieros internacionales,USD,50,0%,0%,Desconocido,,,,,,,,,,,,,,,,,,,,
economía del sector público stiglitz 4ta edición pdf gratis,USD,50,0%,0%,Desconocido,,,,,,,,,,,,,,,,,,,,
auditoria financiera y de gestion,USD,50,0%,-100%,Desconocido,,,,,,,,,,,,,,,,,,,,
serviciosfinancieros cl,USD,0,0%,0%,Desconocido,,,,,,,,,,,,,,,,,,,,
entidades financieras bancarias,USD,50,0%,-100%,Desconocido,,,,,,,,,,,,,,,,,,,,
maxxa servicios financieros,USD,,--,--,Desconocido,,,,,,,,,,,,,,,,,,,,
apoyo financiero plazo fijo,USD,,--,--,Desconocido,,,,,,,,,,,,,,,,,,,,
fiscal financiero,USD,50,0%,0%,Desconocido,,,,,,,,,,,,,,,,,,,,
fomento financiero,USD,50,0%,0%,Desconocido,,,,,,,,,,,,,,,,,,,,
asesores financieros que hacen,USD,0,0%,0%,Desconocido,,,,,,,,,,,,,,,,,,,,
pago financiero,USD,50,0%,0%,Desconocido,,,,,,,,,,,,,,,,,,,,
grupo financiero came,USD,,--,--,Desconocido,,,,,,,,,,,,,,,,,,,,
cuenta intereses financieros,USD,0,0%,0%,Desconocido,,,,,,,,,,,,,,,,,,,,
negocios bancarios y financieros,USD,50,∞,0%,Bajo,0,,,,,,,,,,,,,,,,,,,
tu ayuda financiera es confiable,USD,,--,--,Desconocido,,,,,,,,,,,,,,,,,,,,
consultoria economica financiera,USD,50,0%,0%,Desconocido,,,,,,,,,,,,,,,,,,,,
asesor financiero quito,USD,,--,--,Desconocido,,,,,,,,,,,,,,,,,,,,
administracion bancaria y financiera sise,USD,0,0%,0%,Desconocido,,,,,,,,,,,,,,,,,,,,
descuentos comerciales y financieros,USD,0,0%,0%,Desconocido,,,,,,,,,,,,,,,,,,,,
auditoria de financiera,USD,50,0%,0%,Desconocido,,,,,,,,,,,,,,,,,,,,
mi asesor financiero,USD,50,0%,0%,Desconocido,,,,,,,,,,,,,,,,,,,,
entidades financieras no reguladas,USD,50,-100%,0%,Desconocido,,,,,,,,,,,,,,,,,,,,
auxiliar de servicios financieros,USD,,--,--,Desconocido,,,,,,,,,,,,,,,,,,,,
administración financiera y tributaria,USD,50,0%,-100%,Desconocido,,,,,,,,,,,,,,,,,,,,
financiera credi ya,USD,50,0%,0%,Desconocido,,,,,,,,,,,,,,,,,,,,
intermediarios no financieros,USD,50,∞,0%,Bajo,0,,,,,,,,,,,,,,,,,,,
servcafin,USD,,--,--,Desconocido,,,,,,,,,,,,,,,,,,,,
quala estados financieros,USD,50,∞,∞,Bajo,0,,,,,,,,,,,,,,,,,,,
servicios financieros multibanca,USD,,--,--,Desconocido,,,,,,,,,,,,,,,,,,,,
tricot servicios financieros,USD,,--,--,Desconocido,,,,,,,,,,,,,,,,,,,,
estados financieros elektra,USD,,--,--,Desconocido,,,,,,,,,,,,,,,,,,,,
3 instituciones financieras,USD,50,-100%,0%,Desconocido,,,,,,,,,,,,,,,,,,,,
creditos y servicios financieros,USD,,--,--,Desconocido,,,,,,,,,,,,,,,,,,,,
fin brock consultores financieros,USD,,--,--,Desconocido,,,,,,,,,,,,,,,,,,,,
instituciones financieras que apoyan a emprendedores,USD,50,0%,-100%,Desconocido,,,,,,,,,,,,,,,,,,,,
asesoria financiera particulares,USD,0,0%,0%,Desconocido,,,,,,,,,,,,,,,,,,,,
contabilidad y gestión financiera,USD,50,0%,0%,Bajo,22,,,,,,,,,,,,,,,,,,,
instituciones financieras cuales son,USD,50,-100%,-100%,Desconocido,,,,,,,,,,,,,,,,,,,,
analisis financiero bancario,USD,50,0%,0%,Desconocido,,,,,,,,,,,,,,,,,,,,
servicio financiero multibanca,USD,0,0%,0%,Desconocido,,,,,,,,,,,,,,,,,,,,
sector economico de una empresa de construccion,USD,50,0%,-100%,Desconocido,,,,,,,,,,,,,,,,,,,,
sectores economicos mundiales,USD,50,-100%,-100%,Desconocido,,,,,,,,,,,,,,,,,,,,
consultoria sector cuaternario,USD,50,0%,0%,Desconocido,,,,,,,,,,,,,,,,,,,,
la economia primaria,USD,50,-100%,0%,Desconocido,,,,,,,,,,,,,,,,,,,,
sector economico de claro,USD,50,0%,-100%,Desconocido,,,,,,,,,,,,,,,,,,,,
sector agropecuario economia,USD,0,0%,0%,Desconocido,,,,,,,,,,,,,,,,,,,,
sectores de la economia social,USD,50,0%,0%,Desconocido,,,,,,,,,,,,,,,,,,,,